,categorical_accuracy,loss
0,0.7219248414039612,1.0844286680221558
1,0.8300175070762634,0.5450387001037598
2,0.8429118990898132,0.48432427644729614
3,0.8497866988182068,0.455010324716568
