,categorical_accuracy,loss
0,0.8069843649864197,0.6484242677688599
1,0.8496745824813843,0.4483615756034851
2,0.8566445708274841,0.4210701286792755
3,0.8602108955383301,0.4066392779350281
