,categorical_accuracy,loss
0,0.38770464062690735,2.734097480773926
1,0.6635199785232544,1.4459129571914673
2,0.7450976371765137,1.0111985206604004
3,0.782630980014801,0.8150593042373657
4,0.8029420971870422,0.7068315744400024
