,categorical_accuracy,loss
0,0.8048181533813477,0.6549057364463806
