,categorical_accuracy,loss
0,0.44658398628234863,2.5011775493621826
1,0.6990989446640015,1.250935673713684
2,0.7703567147254944,0.8654548525810242
3,0.8007408380508423,0.7087332010269165
