,categorical_accuracy,loss
0,0.7338539958000183,1.0234564542770386
1,0.8329131007194519,0.5288410186767578
2,0.8456451892852783,0.47070562839508057
3,0.8520757555961609,0.44330766797065735
