,categorical_accuracy,loss
0,0.40535908937454224,2.6733267307281494
1,0.6708616018295288,1.417496919631958
2,0.7550049424171448,0.963059663772583
3,0.7918012142181396,0.7638895511627197
4,0.8112671971321106,0.6618260145187378
